{
    "otel_off":  {
                     "p50":  159.53,
                     "p99":  207.70270000000002,
                     "p95":  207.70270000000002,
                     "avg":  150.25172352941181
                 },
    "timestamp":  "2026-05-14T12:05:09",
    "overhead_pct":  -16.882643221949596,
    "overhead_ms":  -25.366462418300685,
    "requests":  20,
    "otel_on":  {
                    "p50":  119.91560000000001,
                    "p99":  213.4104,
                    "p95":  213.4104,
                    "avg":  124.88526111111112
                }
}
